{
    "accuracy": 0.9883,
    "precision": 0.9883354924986748,
    "f1_score": 0.9883022481418242
}