{
    "accuracy": 0.954,
    "precision": 0.9541853274438256,
    "f1_score": 0.9539972399006365
}