{
    "accuracy": 0.17,
    "precision": 0.10539043533598887,
    "f1_score": 0.12383449883449883
}